Guid,Id
98b159b4-e1da-45b5-9230-f08aa77dc118,"This, ,is the"" login"
a0edb411-7212-40ab-9b8c-70d5769289da,PasswordHash
e6cb701f-67ca-4ab6-b890-99c3f41c8f42,sdfsdfsdf
52678244-19b4-4479-a8f7-62fd87f213bf,qweqwe
683233ee-7bc4-432d-be9f-e245c8a2c246,sdfsdf
529301b3-5941-449d-9eb7-66fc3b286694,sdfsdfsdfdd
39cadb5a-a582-42c1-8618-3477eb25137a,sdfdasdfsdfdd
b5c37d6b-1366-4c96-bde9-ba5a3a429f3d,3434
3b8441b5-3014-4560-b2e3-6e1421832345,1111,1111
3834da10-918c-41e1-b5b8-d3f4758439a6,UserX,UserX
b0f642ba-138f-413a-ae25-eba3a2d00897,userRegistration,userRegistration
17248aa1-19c8-4c63-ba05-ba5b894639fa,345vs#%*&6,345vs#%*&6
f3fe5ac6-92fc-4598-8ee4-cb2c96ccfb54,UserY,UserY
